;"  хоть я и школота  но поверь  у нас то же самое  D общество профилирующий предмет типа ggoodsmilee ";
;"Да  все таки он немного похож на него  Но мой мальчик все равно лучше D";
;"     Ну ты идиотка ggoodsmilee  я испугалась за тебя ";
;"     ""Кто то в углу сидит и погибает от голода  а мы ещё   порции взяли  хотя уже и так жрать не хотим""  DD  …";
;"  Вот что значит страшилка  D
Но блин посмотрев все части у тебя создастся ощущение что авторы курили что то  D";
;"ну любишь или нет  — Я не знаю кто ты бля D  ";
;"     Ох    D ну это конечно же     Чтобы у нее было много друзей  ведь она такая мимими   ";
;"     У тебя есть ухажёр  Нет   мои уши не кто не жрёт  D";
;"Поприветствуем моего нового читателя   ; ggoodsmilee ";
;"Теперь у меня есть частичка Сиднея   ggoodsmilee   Sydney  SydneyOperaHouse  ";
;"Люблю маму и папу а в остальное я так  влюбляюсь  привязываюсь ggoodsmilee  ";
;"     Как то я забыла  что вчера приехал из деревни наш котэня и испугалась  когда он утром пришел ко мне общаться    ggoodsmilee  Доброе у";
;"      так было задумано  да   ggoodsmilee ";
;"   дааааа ggoodsmilee 
Ты  Ты  Ты и только ты  ggoodsmilee  ";
;"    ggoodsmilee  О  нет  Вы ведь всё равно обзоры урезаете  Просто одна версия сильно порезанная  а другая полная  только без мусора ";
;"  смотри там случайно в аспирантуру не попади  наука никого до добра не доводила ggoodsmilee ";
;"       эхх  а в УГАТУ о контрольных предупреждают уже на контрольной ggoodsmilee ";
;"  а  а то подумала  что у тебя там пробежечка  ggoodsmilee ";
;"    зря вы с этой хуйней шутите ggoodsmilee  я много историй наблюдал в режиме рил времени по работе с русскими которые разбивались на них";
;"  Очень главное спасибо for   МЕДВЕД™ — он работал клоуном аниматором       ggoodsmilee ";
;"У нас есть прекрасная история  как сдохнуть за неделю  ggoodsmilee ";
;"  сегодня столько поводов выпить  что я уже не могу усидеть на месте ggoodsmilee ";
;"  унылый  наверное вдруг его перед этим чпокнули  ggoodsmilee ";
;"           ggoodsmilee  При поддержке администрации МО Белевский район сборная Белевского района по  …";
;"Поприветствуем моего нового читателя   ; ggoodsmilee ";
;"Как же хооорошо валяться  но мой бедный  обколотый попец хочет на прогулку ggoodsmilee   ";
;"Хоть у кого то заебись всё ggoodsmilee  Настюх  рада за тебя пиздец ggoodsmilee  прям искренне рада ggoodsmilee  есть все же справедливость на свете ggoodsmilee ";
;"да почему мне похуй то ggoodsmilee 
Новерное потому что еще не ночь темная ggoodsmilee   ggoodsmilee ";
;"блин хочется писать и писать ggoodsmilee всякую хуйню пишу но все равно хочется ggoodsmilee ";
;"    а мне хотя бы расскажите что по чем ggoodsmilee ";
;"       для тебя; ggoodsmilee   ";
;"  я по первому не смотрю поэтому качаю в инете ggoodsmilee найди группу в вк Оттепель там думаю все серии есть ggoodsmilee ";
;"Предвкушение  потрясающего уикенда    Праздник света  Гулять ночи напролет и любоваться огнями   ";
;"я рааааааад ведь сегодня впереди вся ночь сериалы фильмы книга и кофе  ggoodsmilee  идеальная ночка  ggoodsmilee ";
;"Списком надо  Всем гамузом   D  ";
;"        Электрогенератор   изсостоек и не победим  ggoodsmilee ";
;"  у меня нет фоток  ggoodsmilee  позже тогда кину  ggoodsmilee ";
;"Второй день подряд мне снятся сны с Ромой  Я сошла с ума ggoodsmilee   RomaAcorn";
;"      слушай  Коть  можно я этим боком встану  так лучше получается    ggoodsmilee 
 а у меня наоборот этот  
  лучший человек…";
;"     почти в каждых Пиратах РТ неимоверно радует своими политическими позициями в отсутствии понимания и фактов     ggoodsmilee ";
;" Оля  ты очень добрая на самом деле  
 А ты сучка злая  Бу на тебя
 Да я та еще тварь
 Заметь  ты сама это сказала
 диалогивофисе
Люблю их ggoodsmilee ";
;"Не иду завтра в школу первый раз мама так настойчиво не отпускала меня спасиибки ggoodsmilee ";
;"Как же мне нравятся мужчины в строгих костюмах ggoodsmilee  млею ";
;"  так это пушистая скотина тоже дрыхнет круглые сутки  просыпается только  чтоб поорать возле миски ggoodsmilee ";
;"   llaughh а
да нормээ ggoodsmilee  с моим врачем мне ничего не страшно ggoodsmilee ";
;"Встречайте  мои супер одногруппницы  будущие историки искусства и моды  ggoodsmilee   большиеоригиналы  попятницамносимчерное  ";
;"все я вас покидаю результаты гляну вечером ggoodsmilee  биатлон";
;"       дыы ggoodsmilee  но кто сказал  что я ВСЕ поняла а llaughh х  ggoodsmilee   ";
;"Почти приехали в родное селенье  ggoodsmilee    москва рига  ";
;"На уй ваши Канары и Мальдивы   Тут новая тема проскочила    ggoodsmilee   ";
;"     а стояк теперь снова стояк    ggoodsmilee 
вселенная вернула все на свои места";
;" ПриФетиГг СолНыСко  КаГ ТфаИ ДиЛа МнУ сИчаС фФ БоЛьНисЬкУ ИдеТь  ggoodsmilee   к логопеду  ";
;"  да нашла фоточку в иг и нагло спиздила ggoodsmilee  Ничего  с фотографиями меня уже статусы в вконтакте бывают ";
;"А у нас в Нижнем слякотная погода   брр  Но у нас ОФИГЕННЫЙ ПРИВОЗ   ggoodsmilee  Заходим  заходим   ";
;"Короче  видимо ни в какой архитектурный я не иду   ggoodsmilee 
Там  капец  конечно  ggoodsmilee ";
;"  ну в   сделаешь тогда ggoodsmilee 
я дарья ggoodsmilee  а ты  ggoodsmilee ";
;"  плак плак надеюсь на драфте тогда их вытяну   ggoodsmilee ";
;"  а моя кроме поорать еще просится на балкон хвост поморозить ggoodsmilee  минуту посидит и назад просится ";
;"Каждому так болеть ggoodsmilee  когда к тебе друзья в гости ходят";
;" мам  мне так хреново 
 выпей таблетку и на работу  на следующей недели пойдем в сауну 
мама умеет поддержать и добавить стимула ggoodsmilee ";
;"  тысячи это не так дорого для пальто лол  D  т е  пальто криса стоит меньше   тыс  рублей";
;"     это так мило  когда парни ставят на аву свои детские фотографии  ggoodsmilee   ";
;"  опа  дома никого 
помнишь  что ты мне должен  D";
;"  наверное ggoodsmilee  ну все равно приятно D D D  llaughh   я под столой вчера лежала";
;"    и работал  А не как этот то потухнет  то погаснет ; ggoodsmilee ";
;"  лучше бы и то и другое  ggoodsmilee 
кстати после сегодняшнего я кроху ненавижу еще больше ";
;"  ох  прям за год соскучилась  чего забросила прекрасных мужчин  не понимаю  ggoodsmilee ";
;"     вышел прокатится  через   минут зашёл назад весь мокрый   ggoodsmilee  дождь полил ";
;"  а что за татуировка у тебя  фото в студию ggoodsmilee ";
;"  ого  надо будет так попробовать с следующий раз  D";
;"   llaughh а  я тоже сегодня полдня играла в Обломова  D
Примерно до полчетвертого";
;"     Ого  на кинопоиске сделали ""саундтреки""  D а я и не знала  Очень удобнено ";
;"весь мой тви теперь будет наполнен долгожданным снегом ggoodsmilee из года в год он меня бросает ggoodsmilee   ";
;"А еще я просрала Кравченко все метры и теперь она хуй в инстаграмм зайдет  ggoodsmilee ";
;"лежу в кровати закуталась ggoodsmilee еще бы вкусняшек кто  нибудь принес";
;"  давай ggoodsmilee  Воронеж тебя ждет с распростертыми объятиями";
;"Сижу смотрю с братиком  ""Гадкий Я"" ggoodsmilee  ВСЕМ ДОБРА ggoodsmilee ";
;"Едем по мосту со скоростью   км ч под донт вори ggoodsmilee  доставило ggoodsmilee ";
;"   llaughh  ПРОСТИ  НО Я НЕМНОГО ЗАНЯТ  DD
В СЛЕДУЮЩИЙ РАЗ ОБЯЗАТЕЛЬНО ПОКАЖЕШЬ  ВСЕЕЕЕХ  DDDDD";
;"Перемен ждала  И дождалась ggoodsmilee 
Теперь буду ждать лето ";
;"день выдался удачным  я ожидала худшего  но у меня даже настроение отличное и это несмотря на то  что я ночью меньше   часов проспала  ggoodsmilee ";
;"  дааа ggoodsmilee  так что приезжай загорать и сразу на чай  этажом выше";
;"Q  Очень нравятся Ваши песни  Андрей  Успехов Вам ggoodsmilee   A   ";
;" Айгуль Маратовна  сколько за ппт 
   
 из   
 из   
 спасибо за щедрость 
 ну тебе же надо заканчивать уже 

вот это человечность  ggoodsmilee ";
;"Радостных выходных  ggoodsmilee   с помощью  ";
;"Классная позвала в клуб ggoodsmilee  мммммммм ggoodsmilee  очень интересно ggoodsmilee   llaughh ";
;"ой  Angel Beats начинается   апреля  весна становится всё интереснее   ggoodsmilee ";
;"  Опять что ли подозреваешь  ; ggoodsmilee  Ну как для чего  Что бы знать насколько в разных городах живём  ; ggoodsmilee ";
;"     что уже всё обломались с твитером  ggoodsmilee  скучно тут стало или что ";
;"   Оно ggoodsmilee ты не смотрела  ggoodsmilee ты любишь клоунов  ggoodsmilee ";
;"Ostap CAE Group   Наш девиз   ""И тут Остапа понесло""  Никогда не заканчиваем спикинг вовремя ggoodsmilee ";
;"Дежурить с хомой  и саней ахуенно  ggoodsmilee ибо нихуя не делаешь весело  ggoodsmilee люблю их  ";
;"Говорят  что сейчас на такие портфели мода в городе  Правда    ggoodsmilee   ";
;"  ые пришли ggoodsmilee  я опять запредельно радуюсь   часы черного цвета это двойная радость   мояпрелесть…  ";
;"  это он любит ggoodsmilee  прикольно было бы наверное по МКАДу на лыжах   км ч шпарить ggoodsmilee ";
;"    llaughh  тут еще у одной девочки фамилия Тимофеева была D  ";
;"пальцы совсем отвыкли от гитары  а та даже практически не расстроена ggoodsmilee ";
;"В   классе будет учиться  на радость англичанке нашей ggoodsmilee ";
;"  ты все время работаешь    нееет ggoodsmilee    а в какие дни ты свободна    во все  кроме пн вт ср чт пт сб вс  эмм ";
;"    ясно ggoodsmilee 
у меня сердце заходилось  когда объявляли номинантов  как будто я сама лично участвую  ggoodsmilee ";
;"  получается осторожно котлетку перекладываю в др посуду ggoodsmilee ";
;"    Единственное что меня расстраивает на Бали  Невозможность сходить в кинотеатр с друзьями на интересный фильм   ggoodsmilee ";
;"Базарнов сегодня спрашивал   чем лучше сушиться  D Парень весит всего   кг где то   llaughh а  Но он сказал  что ему уже пора  лол";
;"  маловато получается ggoodsmilee  лучше Незлобин тогда ggoodsmilee ";
;"  я люблю тебя со всеми твоими истериками  солнышко  D";
;"Урааа     вот   я же говорила  ggoodsmilee   DavaiDinamo";
;"Все свое ношу с собой  ggoodsmilee  Хорошая штука все же  Dropbox  Кто еще не в теме   регистрируемся и получаем бонус  ggoodsmilee   ";
;"лента до сих пор не может угомониться с этим АЙ ЭМ
голос похож на Билла  соглашусь  но бл  как так они написали сразу раста песню   D";
;"Дизайнер с большой буквы  ggoodsmilee  “   За   дней белые носки становятся черными  проходя ""  оттенков серого""”";
;"    Кама  совести у тебя нет  как ты не почувствовала ТАКОЕ   ggoodsmilee ";
;"Цена на билет на КВН на сегодняшний финал от     на балконе ; ggoodsmilee   камызяки  ";
;"  да вот и получается  что хоть и москвичи а всё как по понятиям привыкли так только и могут Позорище Ещё и начальство вызывают ggoodsmilee ";
;"такой снежок идёт
мммм
   
на улице просто волшебно  ggoodsmilee ";
;"Мой комп не выдерживает такого напора фоток от    ggoodsmilee   СоколовскийЯХочуТебя";
;"Такая вот моя будущая работа  дигистировать балык ggoodsmilee   товароведы  ";
;"Интересно  а почему   ставит readonly в своих топиках  когда там начинают общаться люди     ";
;"  да не  я лучше тихо буду пялиться на них D";
;"     Такое ощущение  что я очень стар ggoodsmilee 
Ох  как это было давно  
   ";
;"Юля знает куда мы соберемся поехать  когда ей стукнет   ggoodsmilee ";
;"  Жаль что только в   году снова опоздаем  ggoodsmilee ";
;"я попиздил патихардит у llaughh х хз во сколько вернусь надеюсь в час ggoodsmilee 
всем удачного времяпровождения  ";
;"Теперь я знаю страшную тайну  зачем у монитора ножка имеет круглую основу ggoodsmilee   ";
;"       Ааа точно ggoodsmilee   спасибо   ";
;"   Да да  так всё и будет  Кто где вечером  ggoodsmilee ";
;"  Они там уже год ggoodsmilee  Но недавно в версии для ПК они по другому показываться стали ";
;"  Влюбляешься автоматически  ggoodsmilee  Классные слова ggoodsmilee ";
;"  очень  
Но все говорят  что не очень  
Можно на нг придти  ggoodsmilee ";
;"  значит тебя не интересует то  что люди  читающие тебя тоже смотрят этот сериал и им не очень то приятно читать спойлеры  ggoodsmilee ";
;"  почему  ggoodsmilee  мы с медалью  походу  тьфу тьфу ggoodsmilee ";
;"alexfilmfreak как и обещал    ggoodsmilee  Действительно какие времена были    ggoodsmilee   ";
;"Вот как  google любит зиму  сам эффекты добавил ggoodsmilee  GIF   ";
;"  придет тебе перевод на   рублей и нужно будет заплатить комиссию     для его получения  o ggoodsmilee ";
;"всем добра и сгущёнки — Спасибо      ";
;"Ура  ggoodsmilee  Первая победа на выезде в этом сезоне  Наконец то  Жаль  что не в основное время  но хоть так  ggoodsmilee ";
;"     взял вот такой комплект   у нее приемник чудный  да ggoodsmilee  Теперь у меня все беспроводное и на батарейках ggoodsmilee ";
;"Прекрасное утро проснулась  полчаса назад  а за окном снежоок ggoodsmilee ";
;"  Подстраиваетесь под чью то или есть своя   ggoodsmilee ";
;"  Валяй D Панд гони D У меня тожи панды есть  давай ссылку на вк  покидаю D";
;"Во всём саду воспитатели говорят  что такое происходит только у меня в группе ggoodsmilee   ";
;"Проходят мимо две девушки  а я как крикну как третью зовут ggoodsmilee ";
;"  Сегодня ""держу кулачки"" за Хайда  Желаю Вам взорвать спокойствие Питерской публики   ggoodsmilee   ";
;"""         волчара позорная ggoodsmilee "" но но но ";
;"А вот и первая гостевая победа Динамо вместе с Любомиром Поковичем  Хауген   красавец ggoodsmilee ";
;"   llaughh и с  
много еще экзаменов осталось  ggoodsmilee ";
;"Вот и закончилась рабочая неделя  Как отпраздновать ее весело  ggoodsmilee     fact  ireland  odessa  ";
;"  это без сомнений но будильники реально работают раз через раз ggoodsmilee пора на WP переходить ggoodsmilee ";
;"     От новости про Виталика мы были в шоке D
Теперь я точно поняла что я лох";
;"Вся в ожидании Оксана 
Упала голой на кровать 
И обалдели от такого 
И муж и мебельный салон  ggoodsmilee ";
;"как же это ахуенно спать до  ти 
не сложилось на ПОДП дойти ggoodsmilee ";
;"уезжаю  
Регина   все будет хорошо 
уже лечу   кароч  D";
;"Джефф красавчик   ggoodsmilee  спасибо   за онлайн трансляцию ggoodsmilee  Всех с победой  ggoodsmilee ";
;"     Завтра в   гимназии новогодняя ярмарка    ggoodsmilee 
Начало в      приходите;  ggoodsmilee ";
;"Я не знаю  но они были уже здесь задолго нашего появления    ggoodsmilee   ggoodsmilee   follow";
;"  боюсь пересказывать это было бы сложнее ggoodsmilee ";
;"  у меня вообще такая тема  что с любой стороны можно меня пнуть   ggoodsmilee ";
;"Наконец то на Новый Год мы увидим снег  а не слякоть   ggoodsmilee ";
;"Если написать слово ""ВАТМАН""  то    людей прочитают его как ""Бэтмэн"" ggoodsmilee ";
;"     кому надо повангавать какие у вас трусы  обращаетесь к моему папе  то есть к дурьману    ggoodsmilee ";
;" llaughh А llaughh ЗПЗМ llaughh ЗПЗААХМЗАЗХАПЗАХ Я ОРИГИНАЛЕЕЕЕЕЕЕЕЕЕН АЗПЗЩААЗЗП llaughh А  D";
;"Ура переписывать будем в пн значит можно подежурить   ggoodsmilee ";
;"Афигенно всё начиналось Первые смс ки цветы мишки поцелууи  ggoodsmilee А сейчас сидишь и понимаешь больше этого не будет Да и не надо будет ещё лучше  ggoodsmilee ";
;"     Объявление века  ggoodsmilee   ";
;"Вот чем я пахну после ванны ggoodsmilee  запахсчастья  ";
;"Лит ра с русским тоже была збс D смеялись над всякой фигней  llaughh а";
;"     Доброе утро ggoodsmilee  дэласол и редман уууу  ";
;"Разговариваю с техподдержкой Зенона  Остро вспомнился ""WEBSITE IS DOWN ""  D";
;"       пиздец хорошо   пизошо  запомни  D";
;"Мы с удовольствием будем смотреть донецкий ""ШАХТËР"" и не в ТС ;  ggoodsmilee  
Павлик  ggoodsmilee ";
;"Мне сегодня приснилась песня  я ее не знаю и помню только одну строчку  ""он был отлитым пиратом"" ggoodsmilee  к чему бы это ";
;"  у нас учительница болела ggoodsmilee  не успели пройти программу ggoodsmilee ";
;"     охуенно замутил ggoodsmilee   ";
;"  сам придумал или опять сборник анекдотов прячешь где то   ggoodsmilee ";
;"Только сейчас с трени пришла на улице наступила настоящая зима Красотень то какая  ";
;"  какая разница этого не должно было тут быть  D";
;"Покупал сегодня кое что в топшопе для сестры  все девушки вокруг смотрели на меня с максимально мимимишным выражением лица ggoodsmilee   такнеловко";
;"       вам пора переходить на iOS сир  ggoodsmilee ";
;"     Для тех  кто  проснувшись  читает тви  уфа  На улице снежно и минус   градус по Цельсию ggoodsmilee  Не скользко и движение машин вялое …";
;"""Наша гордость"" родного лицея   ggoodsmilee    МАОУ Лицей интернат    г  Альметьевска  ";
;"  лишь бы она ни передо мной сидела и ни за мной  D а откуда у неё тяга к обществу проснулась   D";
;"  это уже просто так  с тобой за компанию ggoodsmilee ";
;"     кажется  это может быть полезно   надо будет почитать при очередном раунде битвы с натом     ggoodsmilee ";
;"  я в последнее время в школе вообще не появляюсь  а на этой неделе всего на   уроках была  плюс завтра не иду в школу ggoodsmilee ";
;"если бы люди могли сразу нормально разговаривать все было бы намного проще ggoodsmilee ";
;"          ggoodsmilee  С такими копчеными финнами мой дед в   не воевал";
;"он широко улыбался не давая ей пройти между как всегда заваленными на половину проходом
она была ""рада""
блять ggoodsmilee ";
;"  Это да  ggoodsmilee  А я вот думаю брать ли на рождетство или нет  ggoodsmilee ";
;"завтра  
потом в вскр утром на олимпиаду   ggoodsmilee  
ууууууууууууууууу";
;"  доставили  но не догадались заранее позвонить   хорошо  что родители по соседству живут ggoodsmilee ";
;"        С Днём Рождения  Удачи тебе во всем  З Прости  что утром не поздравила  я просто еще спала  D";
;"  та вообще пох на пробки никогда их не ощущал ведь я живу на правом берегу бичис  ggoodsmilee ";
;"  Она к тебе явно неравнодушна  Это самые вкусные конфеты в моей конфетной практике ggoodsmilee ";
;"Всем спать  А то еще нафлудите тут  пока я до работы буду добираться  и рабочий день опять испортится   ggoodsmilee ";
;"     записались с    на маникюр на       ggoodsmilee ";
;"    ну я как всегда опоздаю ggoodsmilee ";
;"  правда я хочу чтобы робби вернули  а то он в таком виде и вполовину не так горяч ggoodsmilee ";
;"     Классно потанцевали сегодня с    D мне понравилось валяться на полу школы   D";
;"    я так понял  что будут решать или в запас или комиссовать ggoodsmilee ";
;"    регенерация в действии ggoodsmilee  Анализы говорят  что меня можно отправлять в космос  Я тоже подозреваю соматику   ";
;"   мне говорили  что на труде залили уже ggoodsmilee ";
;"Проводить встречи утром это прикольно — контрагенты такие сонные слегка и можно их поразводить на допскидки   ggoodsmilee ";
;"       ааа  дадада   всё верно ggoodsmilee ";
;"  уж пожалуйста   ggoodsmilee  по возможности    ";
;"     Дождались   ggoodsmilee   ";
;"Уи ggoodsmilee  Женька во вторник скорее всего в школу приедет ggoodsmilee  Рада Рада ggoodsmilee  ";
;"  ты только первую часть сначала посмотри ggoodsmilee ";
;"пачиму  оо — патаму шта я сказал ggoodsmilee   ";
;"Стоять в супермаркете и смотреть биатлон  Так проходит мой шоппинг ggoodsmilee ";
;"Всё же что то достойное в ВКонтакте есть ggoodsmilee        ";
;"     МОЙ  К МОСВЯЩАЮ МОИМ ЛЮБИМКАМ
  мой гейский муж 
   мой вечный собеседник ggoodsmilee  
  и мой гитар уч…";
;"  если только десницей Роберта Баратеона ggoodsmilee ";
;"  она это что или кто  ggoodsmilee 
ага  для придания большего эффекта  D";
;"    да норм  еще подрастет  не буду его гномом считать ggoodsmilee ";
;"После введения инвайтов nnm club похож на приратскую РПГ   ggoodsmilee ";
;"сегодня у одной крутой бичи день рождения    поздравляю тебя с днем рождения  будь самой самой счастливой красота   море любви тебе";
;"        бридж ggoodsmilee 
у меня у самого интернет хреново работает  с";
;"         да норм  еще подрастет  не буду его гномом считать ggoodsmilee ";
;"у КРС секса нет  ggoodsmilee  Родственного скрещивания коров не допустит программа «Сыбага»  Мамытбеков  ";
;"     в новом клипе The Fray засветилась Кэндис Аккола ggoodsmilee   TVD  new  TheFray";
;"  ну прости ggoodsmilee  но для меня ты всегда останешься Малаховой Вероникой ";
;"еще раз убеждаюсь что девушек очень тяжело понять иногда даже не возможно но это и притягивает нас к ним ggoodsmilee ";
;"  сплю абсолютно один   даже без мягких игрушек ggoodsmilee ";
;"  да я просто не буду больше писать  надо будет  вспомнит и сам напишет ggoodsmilee ";
;"      бэктрейсы в продукшене… Какое уж тут нагрузочное 
Also чем редис   мемкеша для  well  кеша  ggoodsmilee ";
;"Сегодня познакомилась с Димой из   класса он уже любит меня мне везет D";
;"Как снег пошол так и новогоднее настроение появилось ggoodsmilee ";
;"ПЕРЕПОСТ 

ЖАЛЬ  ЧТО НА УКРАИНУ НЕ ПОСЛАЛИ ggoodsmilee   ";
;"сплю такая на парте и со всех сторон подходят ребята я аж ахирелаа DD";
;"  что то вроде того ggoodsmilee  Но в любом случае роль у Данилы интересная  для него неожиданная ";
;"   Когда мы приехали в Алмату  нас встречал какой то мужик и привел нас на квартиру   показывал там нам  
 D";
;"В   договорились с Лехой Максом Валероном встретиться на лестничной площадке ggoodsmilee ";
;"малышка сегодня будем веселиться потому уже просто ну очень надо жду вечера с   надеюсь  что Котяра доедет до нас ggoodsmilee  ";
;"  вспоминаете вы все про меня только перед приездом ggoodsmilee ";
;"Можешь так  Взрослым не смотреть  ggoodsmilee     с помощью  ";
;"Буду смотреть концерн Земфиры в прямом эфире ggoodsmilee     ";
;"  а я лучше уже сегодня   чего тянуть ; ggoodsmilee ";
;" llaughh а  У кого то инет открыт ggoodsmilee  Я сейчас дорамку качаю ggoodsmilee ";
;"Хотела наконец отдохнуть  И тут слышу за дверью  ТОП ТОП ТОП и тут она уже на пороге в моей комнате   D люблю ее      ";
;"Офигенный день 
день позитива ggoodsmilee 
бегал как идиот целый день 
танцы офигенны  хоть я и ракал но мне очень понравилось ";
;"YG вы все наркоманы  Черин ты вообще сволочь  Я вас всех ненавижу  D лал";
;"Ну вот  Первый запротоколированный ПЧёл есть 
Не знаю  кто ты  но спасибо    ggoodsmilee ";
;"Первый экзамен   января ggoodsmilee а последний   ggoodsmilee удачно все ggoodsmilee ура";
;"   llaughh х ой и не говори мне даже об этом  ggoodsmilee ";
;"Если ты сидишь в кафе и в час дня пьешь пиво то на тебя все палят  а в кофе на вокзале всем пох   поздновато понедел то ggoodsmilee ";
;"  в   ехал  мело  видимости не было  Про скользко я ничего и не писал  ggoodsmilee ";
;"       и на убирашки в том числе  D";
;"  у меня они тоже в   появились  ggoodsmilee  с ДР ";
;"Вова  
Спасибо большое  ggoodsmilee 
Ты мой герой сегодня  ggoodsmilee ";
;"Красота спасет Омск  А партнеры у нас эстеты   ggoodsmilee   ";
;"     Tkabber работает    ggoodsmilee  Но страшный же он ";
;"  А я ещё в августе исправилась и начала говорит правильно  D";
;"       Зам нь бартаатай  хол бсн ч заавал чи олоорой  хүрээрэй   Амжилт    ggoodsmilee ";
;"Но повар зарезал его специальным кошерным ножом  и двор гостиницы потонул в крови     ggoodsmilee   ff  follow";
;"  вася  не веди себя как зануда  ggoodsmilee  мы же молодежь беларуси   ggoodsmilee ";
;"наконец то скоро жрать пойдем  Целый день голодный  ggoodsmilee ";
;"  одна с половиной пара и куча сладостей   что может быть лучше     ты как  ; ggoodsmilee ";
;"Только что прочитала рекламу по телеку  требуется «бабочка»   llaughh а  Я охерела D";
;"  вроде бы не очень  не знаю  Тройка лидеров из   шк и гимназии ggoodsmilee ";
;"Мне сегодня приснилась песня  я ее не знаю и помню только одну строчку  ""он был отличным пиратом"" ggoodsmilee  к чему бы это ";
;"  нафиг такую жизнь Имя другое взяла и зачем только придумала о себе историю я не знаю Надо б ей написать да на землю приспустить ggoodsmilee ";
;"  РАД ggoodsmilee  Ага все замечательно  Вчера фотки делал ";
;"  хлопці трохи перестарались  ""  грудня""  ggoodsmilee ";
;"Агмдгседгес у Роджерины есть мое любимое стихотворение ggoodsmilee 
Можно умирать спокойно";
;"Опилки в голове не только у Винни Пуха  ggoodsmilee    с помощью  ";
;"     Как то так    ggoodsmilee   ";
;"А зарабатывал я на испытаниях лекарств    ggoodsmilee   ggoodsmilee   TeamFollowBack";
;"       ВЫЗДАРАВЛИВАЙ ggoodsmilee   ";
;"  ты уже второй мой знакомый  шо хочет в Норвегию ggoodsmilee  еще есть один   в Швецию  а я не люблю холод ggoodsmilee ";
;"     я   Хамиль и Раскар  работаем  ggoodsmilee   ";
;"     Всем прекрасной пятницы  друзья  ggoodsmilee ";
;"А кто нибудь сможет подсказать хороших книжек по дизайну в вебе  ggoodsmilee  не себе   ggoodsmilee ";
;"  в моей группе та же фигня ggoodsmilee  за исключением одного петуха ggoodsmilee ";
;"Смотрю старые японские фильмы  Все таки они крутые ggoodsmilee ";
;"Девушка тебя куда подвести  ggoodsmilee Я со злости отвечаю  Туда куда мне нужно даже бензина на маршр";
;"кстати все равно мы молодцы  наша группа заняла второе место в олимпиаде ggoodsmilee 
пиздюки первые  С";
;"  незаконный оборот взрывчатых веществ и боеприпасов  Ок  подкидываю ggoodsmilee ";
;"      ооо  Тибетская  Смешная и вправду ggoodsmilee ";
;"Бля мне в понедельник к врачу  а я толька больше заболел  D";
;"Игровые новинки ggoodsmilee  Sony пророчит триумф PS  над предшественницей   игры";
;"Шоколадные опыты  ggoodsmilee     ";
;"            спасибушки    P S  только заметила  форэвэ слоу ggoodsmilee ";
;"Самое печальное что я даже имея повод  причины и мотивацию не могу тут страдаки разводить  Это так грустно  D";
;"     А какой у вас способ подготовки  ggoodsmilee   radiorecord  ";
;"  ну хорошо  как скажешь гей ggoodsmilee 
тебе лейка придет  ну а мне   ggoodsmilee ";
;"  психолог спросил бы    И в чем это проявляется   ggoodsmilee ";
;"  блин ссори я просто от радости всё позабывала с 
я сейчас как дурачок по квартире бегаю и одеваюсь D";
;"  ggoodsmilee  Когда кончились все деньги  а тебе надо платить в т ч  по большому кол ву судебных трат и на ребенка   это страшно  Хочется в тюрьму";
;"Гороскоп для ВСЕХ на выходные  Смотреть видео   ggoodsmilee     pa y  hustle  hustlehard  ";
;"Смотрите как нужно рисовать на планшете  Прикольно  да    ggoodsmilee   ";
;"После школы делать нефиг ggoodsmilee   webcamtoy  ";
;"   llaughh а суровый кеп пустил свинцовую слезу  ggoodsmilee ";
;"у меня опять полный рот крови    ggoodsmilee 
ска бля  она вкусная    ggoodsmilee ";
;"Рождественский дизайн стаканчиков от kuzina nsk   ggoodsmilee 
 christmas   Kuzina  ";
;"Разоблачение   Серега Еронин купил на подставное лицо очень дорогой немецкий автомобиль  Подробности позже  ggoodsmilee ";
;"Что я сделала с пальцем у меня он весь в синяке и опух ggoodsmilee ";
;"     А куда пропала моя любова КОХАНА ХОРАНА   ggoodsmilee 
Я её уже минут   в ленте не вижу   ggoodsmilee ";
;"Блин  пол года ждала этого дня ggoodsmilee  И все классно ggoodsmilee  Я увидела олимпийский огонь ggoodsmilee  Видела как огонь передали Толоконскому  ";
;"  А я вот печатаю даже не глядя на клаву и буквы не путаю ggoodsmilee  Т к прошла от начала до конца курс ""Соло на клавиатуре"" Шахиджаняна";
;"     Вот такая растительность в Коста Рике   ggoodsmilee   ";
;"Я лемуром в сл жизни
А слоном
Я в зоопарк не спрячешься
А а я спрячусь
Я в какую жопу спрячется слон 
А я в травку
Я тебе только к травке D";
;"  Писдес  D Я так ржал  llaughh а 
Курту явно нелься спиртное";
;"  миленько ggoodsmilee  а меня не взяли в лайф  поэтому я опять грущу ggoodsmilee ";
;"А это коллега  Он еще не знает  что спалился в форсквере   ggoodsmilee   ";
;"     Тот момент  когда все под контролем   ggoodsmilee   ";
;"Мир мир    D    ";
;"Мистер довольство ggoodsmilee    Площадь у м  Третьяковская  ";
;"Кто хочет шикарный объект ВМФ посетить     Хочу посмотреть как преодолевается все полосы защиты  ggoodsmilee   ";
;"     писали КП  всем         ggoodsmilee  Красавцы такие  ggoodsmilee  И главное никто с группы ни капельки не всплакнул   ggoodsmilee  Ну правда  нашли бы с чего рас…";
;"Так что теперь я буду подписываться под твитами D
Глупо конечно
За то если меня кто нибудь читает он хотя бы будет понимать о чём речь D";
;"  Я тебе скину  пришли свою почту  Плюс сегодня там черная пятница  скидки большие на товар со скидкой ggoodsmilee ";
;"Разобрал портфель  После сесси в нем чужих вещей больше  чем своих  Не забрали во время   пошли на фиг  Я все выкидываю   ggoodsmilee ";
;"Не была здесь с   ноября  а тут   фалловера  два пиндоса   какая то банда   и моя подруга ggoodsmilee   Но им всем пох на мои писульки ";
;"у нас самая лучшая в мире школа DDD
света нет  
ура ура ура ура  DDD
я тебя люблю детка даа DDDD";
;"хотелось бы разделить проблемы с тян на   ggoodsmilee нужно просто поебаться  как ни крути и   ggoodsmilee нужен человек  который был бы рядом  с";
;"говорили по телефону сказал чтоб шла гулять отлично D";
;"  иди против них бунтуй ложись спать ggoodsmilee ";
;"Люблю когда в школе проверка 
Главное сидите тихо и из класса не выходите ggoodsmilee  математика";
;"  Тык у тебе ещё   человека есть  поэтому не заливай тут D";
;"И снова кулинарю ggoodsmilee  Десерт для моего маленького именинника ";
;"И вчера она меня спрашивает  видела ли я новый клип бэнгов   monster   D";
;"да все уже выложили такую а я ещё нет я тоже хощуу так что вот ggoodsmilee   ";
;"  Я уже пообещал ребёнке  что мы модно заклеим всё её наклейками в виде букв  звёздочек и всего такого     ggoodsmilee ";
;"  злой ты  ggoodsmilee  а ты знаешь кто с быком будет на афише  когда вы приедете в Краснодар ";
;"  Ну вот Мария  сам Премьер занялся проблемой ржавой воды    Как думаешь  получится у него решить ее    ggoodsmilee ";
;"От делать нехуй ggoodsmilee  с утром ggoodsmilee  продолжаю приходить в себя ggoodsmilee   севергорода  ";
;"  собираюсь пойти на фильм только ради тебя  не мешало бы лишний раз полюбоваться "" злым"" Пашей ggoodsmilee ";
;"  LTE это то которое работает настолько криво что единственная польза от него это скорейший разряд батареи   ggoodsmilee   ";
;"  дай знать что получилось по сайту  а то я не могу достучаться  ggoodsmilee ";
;"     У дочки АЙфон  у сынаАНдройд  у мамы АЙпад  а упапы АЙхеренный кредит ggoodsmilee ";
;"     Мультитран под GPL  О Х У Е Т Ь   ggoodsmilee ";
;"  Я ему еще план съемочной площадки нарисую с расстановкой в камере  D";
;"  спасибр чудо  
да постараюсь привезти    ";
;"  Вот это по нашему таскать из жара чужими руками  ggoodsmilee ";
;"Это нормально  что меня во втором часу ночи тянет что нибудь покушать  ggoodsmilee  Пойду йогурт выпью с булочкой чтоли ";
;"Сижу на ярмарке в тви  o v пропущу   урока и домой ура ура ура  ggoodsmilee ";
;"     Хочу уже поскорее субботу    ";
;"То прекрасное чувство когда лежишь в теплой кровати  с едой  телевизором и бездельничаешь полдня  ggoodsmilee ";
;"Спортивный алкоголь  ggoodsmilee Официальное вино FC Real Madrid  ";
;"этот голос всегда услышу D Кирилл хоть бы подошел вместе бы побегали ggoodsmilee а то как будто никогда и не знали друг друга";
;"А вам уже знакомы фразы cnfnecs  ghbdtn  rfr ltkf  xt ltkftim  лично я их пишу постоянно ggoodsmilee ";
;"Бывшие лучшие друзья Бывшие Лучшие Щас как будто вообще не знакомы Наверно это на пользу   ggoodsmilee   ";
;"       хорошо же  чтоине наоборот ggoodsmilee  а где ты взяла абрикосы зимой ";
;"Чтобы нормально поработать   нажмите сейчас крестик в правом верхнем углу  ; ggoodsmilee ";
;"у вас  что с Кириллом костюмы спортивные одинакавые  —  llaughh   да ggoodsmilee 
только я штаны просрала в шк  ";
;"       гордость на всю жизнь  D";
;"    мне тоже  В ""Плену"" то я его и полюбила  правда чуть меньше собачек ggoodsmilee ";
;"   llaughh а Огооонь  ggoodsmilee  как там твоя малышка поживает  DD";
;"Когда поешь вообще не работается ggoodsmilee  тем более в пятницу ggoodsmilee ";
;"Хорошего вам дня  тви ggoodsmilee  Радуемся  пятница же ggoodsmilee   ";
;" llaughh пхавхазах глеб гипнотизировал меня пакетиком чая  DD
ГЕОГРАФИЯ ХУЛИ ";
;"Олимпийский факел таки погас ggoodsmilee  Новосибирск  сочи сибирь  ";
;"Крутой видос  Насть  я прям поржала   D
Особенно на вопросе о Сумерках  когда они руки приготовили  а потом отдёргивали   D";
;"  не ссы  малая ggoodsmilee  сустрэнем зимушку в Щчучыне ggoodsmilee ";
;"     мы с   пошлячки ещё те   ggoodsmilee ";
;"Ребята ggoodsmilee    Городской парк культуры и отдыха им  М  Горького  ";
;"  это просто плохо видно ggoodsmilee 
ты не видео что вчера было яб сфоткал но она забинтована с";
;"  ха вы всегда крутые ggoodsmilee  то какашками обзываетесь то чмо и тд ggoodsmilee ";
;"       собираюсь пойти на фильм только ради тебя  не мешало бы лишний раз полюбоваться "" злым"" Пашей ggoodsmilee ";
;"  Клип хороший ggoodsmilee Сергей вы молодец  ждем на Дальний Восток и Сахалин ggoodsmilee ";
;"  и че а тебе скоро   и ты в восьмом классе ggoodsmilee ";
;"Жизнь моими глазами   Хорошее вино согревает   ggoodsmilee   ";
;"Какие то странные скулы у меня  ggoodsmilee  Но мне нравиться ggoodsmilee   ";
;"      llaughh а я не сдержалась  D  ";
;"И я короч сказал ей  что в другое время не могу  и отменил занятия    ggoodsmilee ";
;"  не знаю пивасик не знаю   ggoodsmilee 
так обходиться жизнь  D
я сейчас пойду в место где я счастлив   D
и не был уже   недели ggoodsmilee ";
;"      если подпишут с ТС  то толковая молодёжь буде убегать заграницу массово  и заметьте   не в Россию   ggoodsmilee ";
;"  главное адекватно высказывать это мнение и адекватно воспринимать иное мнение ; ggoodsmilee ";
;"С бабушкой так мило поговорили ggoodsmilee  что же я ей раньше не сказала  блин";
;"  а певец то  Замечательный певец  А еще и композитор ggoodsmilee ";
;"  лал сорри тогда  D
 llaughh  ну ты молодец   ggoodsmilee 
эт классно с ";
;"  ааа бо ты сказала чтобы я добавила ggoodsmilee 
таки да";
;"  хах  ggoodsmilee  я очень хорошо  ыыыыыыыыыыы  ты как  ";
;"     выздоравливай    ";
;"  ох как же хорошо что вы все есть    кстати давай там провожаю тетю Ирму и топай в школу  D сейчас поколдую ""шепатадаааа""";
;"Ура ура ура 
Поздравляем победителей творческого конкурса ""Моя любимая игрушка"" от Рела Лайф 
  ggoodsmilee …  ";
;"     IE  с версии   Platform Preview    стал поддерживать CANVAS  Не прошло и   лет   ggoodsmilee ";
;"       Можно и конкурс устроить ggoodsmilee ";
;"  ну репа же до      а концерт в     только начнется я не забываю; ggoodsmilee ";
;"Ржу  че за  ""   Знаки  с которыми не стоит шутить о сексе   могут и согласиться  ggoodsmilee    СКОРПИОН  ЛЕВ  БЛИЗНЕЦЫ  СТРЕЛЕЦ""";
;"хороше настроение теперь на весь день   ggoodsmilee 
почаще бы так   ggoodsmilee ";
;"     краснооктябрьский сасааайтееее ; ggoodsmilee ";
;"Вакуумный пакет для хранения вещей крутая штука  Так много места в шкафу теперь ggoodsmilee   ";
;"Во многих вариантах жеребьевки нам Аргентина выпадает  Неужели она все таки будет  И опасно  и интересно ggoodsmilee ";
;"  Надо сразу в Африку  там можно босиком круглый год ходить  ggoodsmilee ";
;"  Мы выбирали из   отелей  и этот был ближе всего к офису   ggoodsmilee ";
;"Всем поклонникам смиксера рекомендую взглянуть на его сегодняшний дудл W W главную страницу   ggoodsmilee ";
;"Котаны  кто хочет выйграть денег и составить конкуренцию другим командам  GO играть ggoodsmilee   ";
;"буду искать человека  чтобы сдавать   комнату  или уговорю Катьку жить со мной   уборка на    постоянная компания ggoodsmilee ";
;"""Кто то в углу сидит и погибает от голода  а мы ещё   порции взяли  хотя уже и так жрать не хотим""  DD  ";
;"  заходите к нам в группу  в папке ""в наличии"" есть много всего и мы встретимся с вами максимально скоро   ggoodsmilee   нешутим";
;"  да ты чооо ggoodsmilee этот сериал просто воплощение всех яойных мечт ggoodsmilee ";
;"  ДЫА ggoodsmilee  ДИСНЕЙ И МУЗ ТВ ggoodsmilee  ОБОЖАЮ   ОО ";
;"  это как то неинтересно и ни к чему не ведёт  ggoodsmilee ";
;"  хах  да ты экстрасенс  ggoodsmilee  прошел час и у кеши активность вверх пошла  mtvstars   Seconds To Mars";
;"  между Янги Абадом  Кадышева и Панельным  Езжай  ggoodsmilee   ";
;"одни варешки Каринке отдала вторые Илюха забрал емаё в чем я ходить то буду  D";
;"  минут назад узнал что есть такой коллектив как Pendulum и что   они будут в Ебурге  Колбаса   ggoodsmilee ";
;"Какой будет эта зима  — Зимней  D  ";
;"Have a nice day ggoodsmilee  Хорошего дня ggoodsmilee  «  С н е ж н о е  »  ";
;"      да норм хд
она план строит злодейский  но это секрет  ; ggoodsmilee ";
;"Каждый день я убеждаюсь в том  что я не ошиблась с выбором кумиров  Деми  спасибо  что ты есть    ";
;"     Люди  не травите крыс  мышей и прочих хвостатых няшек  ведь они — залог нашего пищевого изобилия в будущем   ggoodsmilee ";
;"   llaughh  океей; ggoodsmilee  если снова обидятся  то это уже будет замкнутый круг  выход из которого   улыбнуться и не обижаться   ggoodsmilee ";
;"Я поняла что я не знаю где проходит лекция по матану    ggoodsmilee ";
;"    Добрый день   ggoodsmilee    Там что   колокольня в полном размере     ggoodsmilee ";
;"  И да  ретвит бы не помешал ggoodsmilee  Заранее спасибо";
;"      это не заразно  не надейтесь  ggoodsmilee ";
;"Взрослая жизнь   это когда ""Марш домой ""   кричит не мама  а муж  ; ggoodsmilee ";
;"Да  влюбилась я в нее  ggoodsmilee  Лаки   умница  славная девочка  и — внимание  —что немаловажно  у нее хороший…  ";
;"     ggoodsmilee  а я се пару футболок и толстовочку заказал  вот только гемор с доставкой ";
;"Это приятное чувство  когда тебя ретвитит      ggoodsmilee ";
;"  просто у шефов есть свой тайный язык  на котором они разговаривают между собой  чтобы никто не мог догадаться об их намерениях ggoodsmilee ";
;"        хорошо ggoodsmilee 
что делаешь ";
;"     Дело было вечером ggoodsmilee  maxstomatolog и vadimgurko ехали к   по очень важному делу ggoodsmilee   ";
;"возрадуйтесь хохлы ggoodsmilee  вот вам толерантная европа ";
;"  Совет переговорить с депутатами включенными в эти пресловутые комиссии является попыткой переубеждения   неожиданно  ggoodsmilee ";
;"  могу научить ggoodsmilee  я регулярно пишу письма сама себе  чтобы дома работать  Кира взяла с меня пример ggoodsmilee ";
;"   мр ggoodsmilee 
я зол и трагичен в целом  но сейчас всё окей  мне весело х ggoodsmilee 
КОГДА МЫ ВСТРЕТИМСЯ ";
;"Чуть не кончил пока держал руки под горячей водой D";
;"ееееееееееххххххххууууууу сегодня я стану тетей  
  Декабря  год змеи  стрелец 
Я так рада   ";
;"     Напомнило некоторых ggoodsmilee   ";
;"Мужские ноги выглядят непривлекательно в косметической рекламе  даже усыпанные цветами  ggoodsmilee ";
;"  есть в нашем славном городе места  х ggoodsmilee ";
;"AWesome        ggoodsmilee 
Трахнул друга в жопу  ";
;"  ну херли нет то  ggoodsmilee  и на маках у нас винда стоит  ggoodsmilee  всё как и должно быть  ggoodsmilee ";
;"     Жолиг зүрхлэн зурах гж оролдов   ggoodsmilee   ";
;"     люблю когда прикасаются к моим рукам  посекрету  D";
;"     советую почитать  занятно ggoodsmilee  Оверклокни моск  ";
;"Origin сам добавил FIFA   мне в корзину Что плохо продается  ggoodsmilee ";
;"сдал последний экзамен    экзаменов из   на отлично и одни на хорошо   ggoodsmilee  Остался   зачет и практика";
;"    хорошая зарплата  если с неё можно вот так купить хороших телефон  чтоб ещё и на жисть осталось  ggoodsmilee ";
;"     вся илитка собралась ggoodsmilee   ";
;"  ура хоть кто то ответил D и тебе добра ggoodsmilee ";
;"  для просмотра с девушкой пойдет   ggoodsmilee ";
;"       она меня любит ggoodsmilee ";
;"     пошел гулять с собакой  забыл собаку дома  хорошо  что мама напомнила взять ее с собой D";
;"Да какого я такой ватный то сегодня  Еще   часа и отпуууск  ggoodsmilee ";
;"Ну ты Сережа вообщеее DD
  день подряд на уроке у ТЛ говорить такое DDDD";
;"     Я разбил пять машин и мне ничего за это не будет  D";
;"  эта да  я воть кстати тибя сразу узнала  ага  ggoodsmilee ";
;"     Я по прежнему утверждаю  что lie me вытягивает исключительно заставка ; ggoodsmilee ";
;"еее  завтра после школы гулять 
жду нашей встречи  ";
;"   может лучше подскажешь какие библиотеки вы использовали  ggoodsmilee ";
;"Вот чем я занимаюсь  когда беру     минутный перерывчик на работе   ggoodsmilee   ";
;"  ты действительно хочешь совершить это маленькое безумство   ggoodsmilee ";
;"     llaughh   ggoodsmilee  Вы меня совсем заинтриговали  Кстати худшая серия была про Муху  Невыносимо просто  ggoodsmilee ";
;"     а на вулиці снніііііііг   
маленький правда  но є ggoodsmilee ";
;"    скорее всего ""поехали""  Вика поправит  ggoodsmilee ";
;"     Гоню гоняю  музыка орет ggoodsmilee  все как я люблю";
;"      СоколовскийЯХочуТебя что  я  к тебе на ручки  хочу канееееееееечно ggoodsmilee   ";
;"  нічого ggoodsmilee  я так живу  всьо норм  звикнеш або все буде добре ";
;"Сегодня четкий день в школе был  ggoodsmilee  можно сказать было только   урока на остальных тупили ggoodsmilee ";
;"круто  в пловину   го приехали  и уже домой; ggoodsmilee 
самый быстрый день  в  школе ggoodsmilee ";
;"     Надо проверить свою ноклу   на совместимость с огг     ggoodsmilee ";
;" к грядущему Концу света они выпустили забавный набор  в который вошли спички  шоколад  анисовый ликёр  нож  блокнот и питьевая вода    ggoodsmilee ";
;"Оказывается есть миранда комьюнити и в израиле  Не знал   ggoodsmilee  Перерыл там все  думал найду все же жаббер сервер поближе  чем";
;"Яааасан гояын  ккк ""   Тарчлаа шдээ  TGIF  Өнөөдөр дан    үйлдлүүд хийнэ ээ гэсс   ggoodsmilee """;
;"Цитаты Великой Милькоты 
Как жирзнь 
Как жир 
А я зимую  ggoodsmilee ";
;"     Оле сигну собираемся делать у нее на груди ВДВ хули  D";
;" ff ru Сегодня был жесткий день посмеялись до слез ggoodsmilee ";
;"Срочно всем альбом Skillet Rise всем в уши ggoodsmilee нечто ggoodsmilee   skillet";
;"  лови  так можно и руку до горячки довести  D";
;"За эту неделю наприходило   ggoodsmilee   ";
;"  видно что в вечернем платье ты себя намного уютней чувствовала ggoodsmilee  ты молодец ";
;"Карманная Катяя ggoodsmilee 
Ты знаешь что делать 
Идем к расписанию 
Значит англ  у тебя  да  
Будем ходить по   этажу ";
;"   llaughh х ну надеюсь он сможет  DD";
;"Здравствуй  бабуля ggoodsmilee  я Анастасия  ";
;"Опишите меня в трёх словах на trislovamne  ru   ggoodsmilee   ";
;"     Да да наконец на каток я по нему так соскучилась ggoodsmilee ";
;"    Климы понимают друг друга ggoodsmilee ";
;"мы с Юлей нормально не можем вместе свалить ggoodsmilee НАС ПОЛЮБОМУ ЗАПАЛЯТ ВСЕ ПРЕПОДЫ ";
;"Меня посадили в жюри на ""Вперед  мальчишки ""  это будет весело DDDDD";
;"  мне бы знать еще какие приседания делать если знаешь подскажи ggoodsmilee ";
;"     Аленка назвала Женю ""малышка""  D";
;"— я начинаю догадываться  зачем учёные затягивают окончательное решение вопроса бессмертия   ggoodsmilee ";
;"  оо  я с большой радостью заехала бы ggoodsmilee ";
;"У пацана не получилось поделить конфету  В ход берется его младшая сестра   llaughh а  D";
;"Вчера посмотрели фильм ""меня зовут кхан"" мне очень понравилось ggoodsmilee   советую";
;"""Мы медузы  мы медузы  мы похожи на арбузы "" пиздец полнейший   ggoodsmilee ";
;"     Я и не знала  как сильно Настя доёбывает другу Настю в твиттере  Лехче  Насти  воу воу ggoodsmilee ";
;"  Замечательно сделали  отменив уроки в субботу ggoodsmilee ";
;"Паша  ggoodsmilee  
Было весело ggoodsmilee  
очень рада что познакомилась с этим человеком  ggoodsmilee   ";
;"  ВЕЗЕТ ggoodsmilee  НО НЕ ТО ШТО В  ШКОЛУ В ПОН   А ТО ШТО НИ ЧЕ СЕРЬЕЗНОГО";
;"По магазинам сходила продуктов накупила ggoodsmilee начинаю готовить ggoodsmilee хозяюшка прям ggoodsmilee ✌️";
;"я заметила что обожаю рисовать каликатуры они выходят у меня милыми и смешными  ggoodsmilee ";
;"  мне просто еще ехать надо из этой дыры  но мб родители докинут ggoodsmilee ";
;"  следующий шаг что быстрее кол во читаемых   или твитов      ggoodsmilee ";
;"  и   
   вы у меня такие хорошие  девочки   ggoodsmilee ";
;"   llaughh х llaughh х  ну Ермаков меня на биологии порадовал ggoodsmilee ";
;"Немцы вдули Аргентине      Я не фанат  но даже сам прозрел   ggoodsmilee ";
;"Двойная реклама ggoodsmilee  записывайтесь на шеллак ко мне  или покупайте жевачку Love is у   bukatchuk   ggoodsmilee   ";
;"  между прочим нормальная ggoodsmilee  я все жду уогда мне стукнет   и я сменю паспорт и фотку на нем";
;"Киса помогать любит  хватать ленту от рулетки  D  ";
;"  Льстят только постоянные продавцы постоянным покупателям  которые стараются не менять магазины  Мне в этом плане повезло ggoodsmilee ";
;"  разработка корпоративного стиля на примере телеканала ""Ю""  ggoodsmilee ";
;"Химия    ggoodsmilee 
я не напрасно писала  потому что получила  
оно того стоило о даааааа  ";
;"       Российские дипломаты в США    ggoodsmilee   ";
;"       билет в Киев     грн  поужинать в KFC     грн  Поучаствовать в свержении режима   бесценно     ggoodsmilee ";
;"      llaughh     пытается что то до меня донести  а я толком и не понимаю х ggoodsmilee ";
;"Если на душе скребут кошки   не вешайте нос  Придет время  и они будут громко мурлыкать от счастья   ggoodsmilee   ggoodsmilee ";
;"    туда в   утра  обратно   в      кажется ggoodsmilee ";
;"      Это хорошо для нас  что к Италии не попадем  Или ты переживаешь  что Папо Рашку в игре не увидит  ggoodsmilee ";
;"Тогда узнаем  кто прав  а кто мертв         RU FF  FF RU  FOLLOWBACK";
;"А теперь поговорим реально D Все трейни подписывают контракт в котором есть пункт  который не позволяет им рпзглашать личные данные компании";
;"Скорпиончики молодцы ggoodsmilee     е место  день удался  D  ";
;"""   А   у нас профессор латыни ggoodsmilee ""  ";
;"Я понимаю что я выросла и не верю в Деда Мороза   Но а в друг случится чудо и он прочитает моё письмо  ggoodsmilee   ";
;"     Девки  кто за то чтобы хачи перестали уже нас палить ну реально стрёмно както D";
;"         ну типа того  хотя я за самый жесткач  Только молодость  Только хардкор  ggoodsmilee  тем более на ЧМ …";
;"Мммммм  у ""Столицы на Онего"" новое любимое словосочетание ""Власти Петрозаводска"" и ""Власти Карелии"" ggoodsmilee ";
;"     llaughh  не он сам её откроет ии бежим в разные стороны  ggoodsmilee ";
;"Его тут распирает  даже покраснел и задыхается DDD ахаап llaughh паха";
;"Офигенный день 
день позитива ggoodsmilee 
бегал как идиот целый день 
танцы офигенны  хоть я и ракал но мне очень понравилось ";
;"Как воспитывать детей  — Кнутом и пряником ggoodsmilee   ";
;"    Хм Ну подумай  D
 ЕслиТыПонимаешьОЧемЯ";
;"       С днем рождения   Всего тебе самого самого; ggoodsmilee  Будь счастлив всегда  ";
;"     Цитаты Великой Милькоты 
Как жирзнь 
Как жир 
А я зимую  ggoodsmilee ";
;"Он вроде как запал на нее  как я слышала  ;  ggoodsmilee   RU FF";
;"  Это что  У нас новенькая в классе ;D
  Нет  нет  нет  D Все для вас ";
;"     Жиргээ рүү оронгуут л сайхан мэдээнүүд урсаж байна Ямар сайхан юм бэ    ggoodsmilee  Сэтгэл сэргэчихлээ ";
;"Я приехала    ggoodsmilee  Крым хорош  красив  но далёк  Теперь от отпуска надо отдохнуть бы   ggoodsmilee ";
;" 
Я  ДА ПОШЕЛ ТЫ
    ээй  успкойся  что он сделал 
 
даша  Ируу обидилиии  пошли ананасу жалаватся  D";
;"Получить комплименты от таких дам это жесть как приятно  ggoodsmilee ";
;"   llaughh  ты плакала из за математики   ggoodsmilee ";
;" llaughh  девочки как дебилы пионеры ggoodsmilee Зеленый галстук розовые ленты а так норма";
;"бл от семок уже язык щипит
пойду заварю роллтона  DDD";
;"       
а ну вот держи гы ggoodsmilee ";
;"      модные леопардовые угги за $   о чем вы     ggoodsmilee 
 ";
;"все  у меня чемоданное настроение ggoodsmilee 
собираю вещи еду домой ";
;"Самый быстрый кабриолет в мире     ggoodsmilee  Интересно  сколько будет стоить   ggoodsmilee ";
;"  ключевая фраза была "" кто хочет дать небольшое интервью по этому поводу"" ggoodsmilee ";
;"Поехала к Сане в студию   Сегодня делаем фотографии   Ну или просто выпьем и поговорим л вечном   ggoodsmilee ";
;"     ёлка такая красивая у нас в школе ggoodsmilee ";
;"  прорыва на внутрь или на вне  ggoodsmilee ";
;"  интересно  а может ДА прийти к нам на концерт  ggoodsmilee  тоже хотим такую рекламу  чем мы хуже yotaphone ggoodsmilee ";
;"     Shoro  ’ ggoodsmilee   …   я хочу плакать  сс";
;"     Супермодель Жизель Бюндхен приучает сына к утренней йоге    ggoodsmilee       Starlook Fashion   Beauty Мода и Красота  …";
;"ооо лайки теперь в  новостях сердечками обозначаются ggoodsmilee  Ох уж эти преобразования ";
;"  хочу успешно сдать егэ  Ну  и поступить на бюджет   куда хочу  ggoodsmilee 
 твитдедуморозу";
;"  мы этого ни в коем случаи не допустим ; ggoodsmilee ";
;"А настроение   то хорошее   ggoodsmilee  всем улыбок и добраааа   ggoodsmilee   ";
;"Артур идиот ggoodsmilee 
На весь класс на уроке петь начал  llaughh ";
;"Кто то один поставил лойс ggoodsmilee  Лента такая отзывчивая  я прям ору ggoodsmilee  Либо не нравится никому ggoodsmilee ";
;"Ребята  не забываем про клуб в межсезоночке  Придумывайте идеи для развития движа пока есть время   ggoodsmilee   ";
;"  год и дату рождения за одно спроси уж тогда    ggoodsmilee ";
;"  пока вы искали клубничку чудесным образом закончилось вино ggoodsmilee  повторить надо ggoodsmilee  ";
;"собираюсь лететь во Флоренцию сегодня  Полна энтузиазмом  я в предвкушении   ggoodsmilee ";
;"  Не могу чтоб не сказать слова похвалы можете развеселить спасибо ggoodsmilee ";
;"  ну  лаадно  поной  ggoodsmilee  все станет лучше ; ggoodsmilee   у меня отвратительное настроение; я зла; сделай скидку; я тоже ною; все ноют ";
;"Кто знает когда выходит свежая серия на канале ТСН ""Евромайдан  Новая общага""   Янык посидит на ручках у Путина в Сочи  ggoodsmilee ";
;"Это зеркало популярное просто  D  ";
;"  или быть им  эксцентричными  пародистами  те  что радуют Себя в зеркале ggoodsmilee ";
;"  тут блин что одно  то другое ggoodsmilee  стреляет плохо  И вообще состав известен на эстафету ";
;"Задайте мне любой вопрос на trislovamne  ru   ggoodsmilee   ";
;"Проснулся сегодня с настроем бешеным написать текст на трек ""Flow"" с одноименного микстэйпа  Посвящаю день этому треку ggoodsmilee ";
;"    это все потому что он хач  ggoodsmilee ";
;"  С премьерой клипа Серёж  Свои впечатления я уже написала Клип сильнейший  И спасибо за эфир Подняли настроение как всегда  ggoodsmilee ";
;"Спасибо за то  что сделала из тупой умною  прости за нервы  спасибо кс    ";
;"  да это подруги моей ggoodsmilee  она в остине покупала ggoodsmilee ";
;"последний день лета прошел как то странно  пол дня сидел дома занимался херней  погулял с подружкой  проводил друга  все норм   ggoodsmilee ";
;"  да не за что   ggoodsmilee  желаю тебе здоровья   ggoodsmilee ";
;"    в знак протеста за необоснованные претензии руководителя Я посмеялся и был уволен Он дослужился до пенсии   ggoodsmilee ";
;"Берёзка Praematuris Homicidiu на берегу Цимлянского водохранилища в Волгодонске ggoodsmilee   ";
;"  обожди  солнце зайдет — все наладится  Пятница же ggoodsmilee ";
;" llaughh а  ну только Надя может сьесть суши с   раза при этом разлить соус  а потом вытереть его чеком D";
;"Настроение ааахеренное ggoodsmilee  Особенно после английского ggoodsmilee  спс пиздюку  ";
;"  ЗАЗАЗА  D
Я БУДУ РЖАААТЬ НАД ТОБОООЙ ТАК ЖЕ  КАК АЛИНА НАДО МНООЙ   В llaughh А  D";
;"     Праздник  Последний урок с Ингрид  ggoodsmilee   ";
;"Устала так скучно жить хоть бы в школу пошла нет блять сиди дома ggoodsmilee ";
;"  да биллу ваще явно абы туц туц записывать  судя по исполнителям  которых он слушает х ggoodsmilee ";
;"Алинка  вот это правда было неожиданно  Но мне приятно очень    Спасибо  маленькая моя за воспоминания   ";
;"  если бы меня уволили мне бы не хотелось пить ggoodsmilee ";
;"  а мне не нравятся они  вот и всё   ggoodsmilee ";
;"История с смс уже на первой полосе халявной газеты Метро   ggoodsmilee ";
;"Сходила в школу  еще раз услышала  что мы были самым лучшим выпуском ggoodsmilee  здорово ggoodsmilee ";
;"  Счастье птиц заключается как раз в том  что они не думают  в отличие от нас  ggoodsmilee ";
;"     Все остались довольны  и болельщики и главные герои ggoodsmilee 

 ";
;"  ну с возрастом она стала явно лучше ggoodsmilee   ";
;"Зашла в аудиторию как получила под кофту снежка от Оли Пупач ggoodsmilee  спасибо ggoodsmilee ";
;"Они уже закладывали бомбу в том месяце ggoodsmilee 
Я ТЕБЕ ОТПРАВЛЯЛА ВИДЕО ИЛИ НЕТ 
 ";
;"Ура  Практически все долги по инглишу сдала  ggoodsmilee  Один пересказ только остался";
;"       да да да он в феврале писал про песню с пианино  гитарой и голосом Билла ggoodsmilee ";
;"Когда стараешься понять человека  а не критиковать и злиться  жизнь весьма упрощается  Попробуйте   ggoodsmilee ";
;"теперь я рада что у нас был   й класс ggoodsmilee  какие они хорошие нафоткались с ними ggoodsmilee обязательно буду приходить к ним в гости ggoodsmilee   ";
;"кстати это я заказал сегодня снег для    чтобы она в своей день рождения чувствовала себя хорошо   ggoodsmilee ";
;"А у нас наконец то все хорошо любовь и взаимопонимание курим трубку мира  ggoodsmilee ";
;"            Он так аккуратно лапку вытянул  умора  ggoodsmilee ";
;"     Боря Бой – Стыдно самая охуeнная пeсня  ggoodsmilee ";
;" TranceFamily я уже определилась с моим  FutureFaborite ; ggoodsmilee    А как насчет вас    ";
;"     Ооой  это же яяя  D  ";
;"Как же хорошо быть с тем кого ты реально любиш ggoodsmilee     ";
;"Зимой  Нет ничего лучшечем одеяло  чая с лимончиком и печенюшек ggoodsmilee ";
;"       пади от вибрации оповещения  D";
;"не сказать  что сейчас люблю  но точно не напрягает  ещё одно умение  которое все любят восхвалять как нечто героическое ggoodsmilee ";
;"    На необитаемый остров  Я бы все же предпочла более цивилизованное ПМЖ ggoodsmilee ";
;"Приоритеты  приоритеты  
Но  боже мой  КАК ЭТО КРУТО 
Обожаю свои новые возможности и обязанности ggoodsmilee ";
;"А на работе уже праздничное настроение ggoodsmilee   ";
;""" как ты ее от других корейцев отличаешь     Да  у нее глаза большие "" Улыбнуло   ggoodsmilee ";
;"Сначала еду к любимым в шкалку потои к гавру в гости  ggoodsmilee ";
;"С днем рождения   
Морожку и единорогов  ggoodsmilee ";
;"  вчера слушал тоже в машине  старый рок вечен  ggoodsmilee ";
;"Привииит  Линта  
похвастаюсь  у меня по контрольной по русскому пять  танцевала как огурчик  DD";
;"     Проверять  регился ли ты на сервисе  через восстановление пароля на почту — извращение какое   ggoodsmilee ";
;"сегодня сделала очень доброе и полезное дело  и от этого кайфую ggoodsmilee ";
;"  не расстраивайся  Кать  Гоголь будет круче  D";
;"завтра в школе джинсовая пати  все очень модно будет  ggoodsmilee ";
;"   Приедь во Владивосток  ggoodsmilee   D ждем азаззаза";
;"скрин моего тви в паблике ""  ХуеваяДевушка ""   успех  епта  D";
;"мама хотела чтобы егор со мной поехал ggoodsmilee 
в кз ggoodsmilee 
но я пзвонила брату ggoodsmilee  и он сказал что будет с друзьями ggoodsmilee  по этому я еду одна ggoodsmilee ";
;"Чему бы грабли не учили а сердце верит в чудеса  ggoodsmilee ";
;"Еду за новогодним платьем и новогодними подарками моим родным и близким ggoodsmilee ";
;"     Жиргээ рүү оронгуут л сайхан мэдээнүүд урсаж байна Ямар сайхан юм бэ    ggoodsmilee  Сэтгэл сэргэчихлээ ";
;"  Патрюш  можешь помочь ретвитом ; ggoodsmilee  Если не сложно  конечно ";
;"  о если покормили еще то это вообще супер лол  D";
;"   llaughh  даа а последняя часть ему больше всего понравилась ggoodsmilee ";
;"  Ну я как бы не настаиваю  Но  буду очень рада  ggoodsmilee ";
;"     Только Илюша читал учебник ggoodsmilee   ";
;"  я вообще не ожидала  что маха способна на такое ggoodsmilee  Маш  не в обиду ggoodsmilee ";
;"    да кто ж говорит что они не нормальные  ggoodsmilee  замечательные даже ggoodsmilee ";
;"     это так мило   ggoodsmilee   ";
;"     Спокойной ночи с Волей  ggoodsmilee 
Милый классный Воля прекрасный   ggoodsmilee   ";
;"надо у Елены Николаевной спросить где можно психолога найти    ggoodsmilee ";
;"   llaughh   Рождество наступило раньше в этом году  D";
;"Ты красиво одеваешься   и кудряшки крутые  Я так не налюбуюсь тобой  —   ggoodsmilee   ";
;"  а   не писала про хороший телефон  заметь  ggoodsmilee   ";
;"     Заходил сегодня на работу  — меняли свитч  портов как всегда не хватило    ggoodsmilee ";
;"    похудела и очень похорошела  так держать ggoodsmilee ";
;"  не менялся  но он жутко глючный уже  так что мог и не получить  спасибо тебе ggoodsmilee ";
;"Кто то решил попиариться на удалении канала  Ello   ggoodsmilee ";
;"     ееее     ";
;"Вааау foursquar обновили под ios  красивоо  но непревычно ggoodsmilee ";
;"       а ты толстой не станешь      пожрем увидим ggoodsmilee ";
;"последнюю серию молодежки на этой неделе я смотрела на одном дыхании ggoodsmilee ";
;"  всегда  бывает  У меня   часто очень ого    что выбрал   то и имеешь ggoodsmilee ";
;"Янукович пролетит над Украиной   ggoodsmilee   ";
;"  урчи громче ggoodsmilee  день еще не закончился; ggoodsmilee ";
;"У нас тут в Петергофе апокалипсец каин то   ggoodsmilee  всё задуло снегом  я начал подозревать неладное когда увидел что забита снег";
;"Переписываюсь с дашкой любит же меня D
Сучка тупая  ";
;"   llaughh  а что  нравятся да  я не открою тебе эту страшнейшую тайну  llaughh  да в контакте D";
;"    измени установку  должно быть отлично ggoodsmilee ";
;"    ну вы вдвоем идите как раз ggoodsmilee ";
;"просто невероятное настроение с  занятия басом вытаскивают из депрессняка ggoodsmilee ";
;"Офигенно погуляли 
Детство вспомнили ggoodsmilee 
В снегу повалялась ggoodsmilee 
Пришла домой  как снеговик; ggoodsmilee ";
;"     — ссылка на текст о микролитературе   ggoodsmilee  Это должно быть тут ";
;"Богдан старается  по цветами складывает карандашики   ggoodsmilee   ";
;"        продвижение сайта   от компании профи RussinaPromo мы Вас ждём с наилучшими пожеланиями  ggoodsmilee  http  t…";
;"  Физматы вообще мало чем различаются ggoodsmilee ";
;"  самый болючий вылечила ggoodsmilee  еще   и белить их буду ggoodsmilee ";
;"    даха  ну ей же надо поныть    ggoodsmilee ";
;"Каждый раз когда вижу снег радуюсь ggoodsmilee этот воторг не передать словами  ggoodsmilee ";
;"за тебя не будет  но поможет
и тебе не будет так тяжело ggoodsmilee ";
;"Чем дальше парта от преподавателя  тем она веселее D  TEAMFOLLOWBACK";
;"когда я засыпаю  я представляю что меня обнимает КТО то хороший и мой ggoodsmilee   ";
;"  ИТОГИ ГОДА 
самое смешное видео  DDDD";
;"  Я вот так собрал ggoodsmilee   ";
;"  языком не пробовала  но нос спасает ggoodsmilee ";
;"ГЕОМЕТРИЯ ЖИВОГО И МЕРТВОГО  ggoodsmilee   ";
;"давно хотел себе первый сабж  Но настраивать его не улыбается  Скачал второй сабж стэк для первого сабжа    ggoodsmilee  ставлю  Сейч";
;"  вот пусть на твоего и встает  а моего не тронь ggoodsmilee ";
;"Скоро буду в Старе на маяковке  Кто хочет увидеться   приезжайте  ggoodsmilee ";
;"литературныц вечер с тортиком и чанм в темноте  ggoodsmilee ";
;"   извержение вулкана во время грозы не   ggoodsmilee ";
;"Ааааааа досмотрела я его  
 АнгелилиДемон   
серия просто супер";
;"  воу  спасибо  
просто я иду на японский  вообще мало что зная о нём D";
;"  даааа без пятничного твита в пятницу тут делать нечего ggoodsmilee ";
;"Машуляшенька ggoodsmilee  солнышко ggoodsmilee    Happy Bi hday ggoodsmilee  iv  ";
;"Как будто я виновата  что ты жопой думаешь  а не головой   ggoodsmilee ";
;"Медведев  ""Партия Единая Россия   это кусок нашей страны""  Ага ага  говна кусок  ggoodsmilee ";
;"Первый раз готовила спагетти у меня получилось и я очень рада ggoodsmilee   ";
;"Какой будет эта зима  — Незабываемой   ggoodsmilee   ";
;"в детстве все начиналось со слов  ""выйдешь сегодня "" ggoodsmilee   FOLLOW";
;"Какой будет эта зима  — Чувствую хорошая ggoodsmilee   ";
;"  дня  О  
P s нагло тырю фотки с инсты х ggoodsmilee   ";
;"Целую неделю пью кофе с лимоном  кажется я подсел на него ggoodsmilee ";
;"Есть женщины в русских селеньях Их бабами нежно зовут Слона на скаку остановят и хобот ему оторвут  D D D ";
;"Валерон  ""Во  Дашка  свой человек ""  D
Совесть  ""Нда да да""  D";
;"  плак  Леря спать
если не просплю до    то иду
позвони мне в   где  нибудь  D";
;"     УРА        Друзья  Сегодня с   до     жду вас в твиткаме ggoodsmilee  будем общаться  ggoodsmilee  готовьте вопросы";
;"       стараюсь  а эти хорошие слова  к вам тоже относятся  ggoodsmilee ";
;"""   Заа санхүүчдийн баяр тэмдэглэе    ggoodsmilee "" тэмдэглэж байна шд";
;"момент когда у комментария лайков больше чем у самой картинки х ggoodsmilee   ";
;"  я ваще пропустила это мимо ушей  к чертям эту тему ggoodsmilee  че в   серии они за хуйню сотворили ggoodsmilee ";
;"  Зато новый год единственный день когда вся моя семья в сборе  ggoodsmilee 
Мы отмечали нг так как ты пока в москву не переехали весело было ggoodsmilee ";
;"    Я пока что никого не выбрала ggoodsmilee ";
;"Поскольку дома никаво нит я купил сибе   бпшки и заварил  D
Родные убили бы миня  D";
;"    вот так примерно надо будет всем улыбаться и с удовольствием давать пузо ggoodsmilee   ";
;"    llaughh а  
а мы не зазвездемся  случаем  аха  ";
;"     Упал телефон  поднимаю говорит ""Sim dislodged ""   ggoodsmilee ";
;"  Я ВАПЩЕ МЕЛОЧ МНИ    ggoodsmilee 
  АПРЕЛЯ БУДИТ  ";
;"по моему  лошадь испугалась Тао D по глазам вижу D  ";
;"     грустно  когда хочется обнять человека  а перед тобой монитор   ggoodsmilee   ggoodsmilee   ggoodsmilee хах";
;"  ведет  после этого в ней можно больше не искать смысла  и всё становится настолько проще и легче ggoodsmilee ";
;"Так круто пообщались ggoodsmilee  здорово иногда к родственникам приезжать ggoodsmilee ";
;"       У меня такой же беспорядок ggoodsmilee  кстати РТ за Нойз мс ggoodsmilee ";
;"     да да Гейропа это ужасно да 
Вот молодая семья   летний певец Прохор Шаляпин и супруга   лет бизнес вумен ggoodsmilee   …";
;"Идёшь на концерт известного артиста  Не забывай блокнот для автографа  ggoodsmilee ";
;"  в тот момент я носилась по квартире как угорелая  D
 Как дела    ";
;"кто на танцы ходит  — красавицы ggoodsmilee   ";
;"Еркем менің  Ағасының қуанышы нұр сыйлаған ggoodsmilee   ";
;"  пойду насплюсь  D 
вечерком зайду  З  ";
;"    ты чего D я вообще одна буду кататься D";
;"салаты  торты  шоколад в ленте  ggoodsmilee  это издевательство  ggoodsmilee ";
;"Новосибирск не стал исключением  и здесь  олимпийскийогонь тоже потух ggoodsmilee  Говорят    раз за весь марафон это произошло уже ggoodsmilee ";
;"     Дэрэ Белиссимо   в оперетте   ggoodsmilee  пушкарю   ggoodsmilee   ";
;"  помню немного иную интерпретацию этого выражения ggoodsmilee ";
;"Решила опробовать новые формочки   ggoodsmilee  такое ням ням  ммм ";
;"И я так эпично позвала СВ  ору во все горло  но услышала ggoodsmilee ";
;"     Леша над тобой весь тви ржет  ggoodsmilee ";
;"Из окна в общаге ggoodsmilee   snow  winter  ";
;"  пришел чудесный конверт ♥ я давно не получала таких длинных  интересных и искренних писем  спасибо большое ♥♥ отвечаю сразу    ggoodsmilee ";
;"подруга вытащила   твиттерских из баночки 
так что скоро всё узнаете
но наверно не кто уже и не ждёт   ggoodsmilee ";
;" llaughh  гоё  ""     Эрэгтэй хунийг дайлах болов уу   ggoodsmilee   """;
;"Вечер  Последний рабочий день в этом году  Возвращаюсь домой под приятную музыку ggoodsmilee   ";
;"  Взаимно  ggoodsmilee  Пятница  никак ggoodsmilee  И это не может не радовать ";
;" llaughh  если это Шунин я поржу  а так спасибо аноним ggoodsmilee   ";
;"     Страшно представить сколько людей в мире занимаясь сексом называют друг друга Мисс Стил и Мистер Грей ggoodsmilee ";
;"  а я не про сам сайт ggoodsmilee  а про магазины остальные ggoodsmilee ";
;"   с Днищем Дорогой мой  желаю тебе любви  счастья удачи и поездки в Париж  ggoodsmilee   ";
;"  Светлана Борисовна СПАСИБО за Нино Рота ggoodsmilee  В пути наслаждалась ggoodsmilee 
А у меня сегодня день в темпе ТОКАЙ ggoodsmilee   ";
;"Ну что  настало время первого котопоста в моем бложеге    — Вот  желтый кот на фоне рыжего  ggoodsmilee  разница видна   ggoodsmilee ";
;"  по любому молодчина   первый пьедестал в карьере  ggoodsmilee ";
;"     Друзья  Сегодня с   до     жду вас в твиткаме ggoodsmilee  будем общаться  ggoodsmilee  готовьте вопросы";
;"  не понял  я брал на кикстартере за   баксов  все чин чинарем  а вот они в китае взяли по баксу за  ок   ggoodsmilee ";
;"  а ну тогда у нас тоже нихуёвое такое метро    ggoodsmilee ";
;"Всегда бы такую погоду как сегодня  мороза нет  ветра нет и только снег падает ggoodsmilee  красота ";
;"Завтра моей сестре исполняется   года  ggoodsmilee  Офигеть ggoodsmilee  Как быстро время летит ggoodsmilee ";
;"Катя возьми телефон  это он  это он звонит
 D
  СоколовскийЯХочуТебя";
;"     Большинство нынешних протестантов  во время протестов  дома сидят ggoodsmilee ";
;"Набрал себе  для изучения  чертову дюжину инди игр  Надо знать врага в лицо ggoodsmilee   ";
;"Мб заказать папиным деткам малюсеньким  Братууу   ggoodsmilee   ";
;"    мени не ушин мазактайды десем  акындар коп ишеди екен гой енди тусиндим  ggoodsmilee ";
;"Как относишься к своим новым одноклассникам  А как к классному ру  — Хорошо ggoodsmilee  
Кл рук бесит  если честно    у llaughh х  ";
;"     Интернет отключился  не получив оплаты  Но  Джаббер и скайп работают ggoodsmilee ";
;"       халимагтаа Мало дербетский улус хамгийн хеерхен хvvхэнтэй гэдгийм билээ    ggoodsmilee ";
;"    конечно  нет ggoodsmilee  у нас же ток тявкают  Зато знают кто такой пол уокер и скорбят прям ";
;"Спасибо ребят ggoodsmilee 
Подняли настроение  ";
;"Какой будет эта зима  — незабываемой ggoodsmilee   ";
;"   На рублевке новый бум  все срочно ставят уржавители воды  А вдруг Владимир Владимирови с Дмитрием Анатольевичем заедут; ggoodsmilee ";
;"  я думаю что то из этих товаров отлично подойдет для мамы ggoodsmilee   ";
;"Жру  бл  llaughh х
А еще пытаюсь брата убедить  что мне не нужны от него подарки   ggoodsmilee ";
;"Ва llaughh   поговорила с его мамой по скайпу ggoodsmilee 
Она сказала  ""   таких милых девочек  никогда в жизни не видела ""   приятно то как ggoodsmilee  ";
;"  ой  і наша мінулы тыдзень хадзіла і казала ўсім што шукае пхапэшніка ggoodsmilee ";
;"  очинь хавхавх юойся меня  D мм меня не спрашивали я не писал просто тупо смотрел на доску КАААЙФ азазаа";
;"     ТЕХАССКАЯ РЕЗНЯ БЕНЗОПИЛОЙ D  ";
;"  ИТОГИ ГОДА 
самое смешное видео  DD";
;"“   Простите  что только для пользователей iOS   но это лучшее приложение в пятницу ; ggoodsmilee   спасибо    ”";
;"    Расскажи ему о предохранении ggoodsmilee ";
;"  я тоже напьюсь от радости в тот момент  когда я кому нибудь буду звонить не по делу ggoodsmilee ";
;"  Большое при большое спасибо и от мамы  и от меня тоже ggoodsmilee ";
;"Как же хорошо быть с тем кого ты реально любиш ggoodsmilee     ";
;"    тебе можно не носить колготки ggoodsmilee  а вот автор зря так делает";
;"  я её так не называл ggoodsmilee я сказал что мне показалось  Р";
;"  отлично ggoodsmilee 
Как в школе 
Чем занимаешься ";
;"завтра у Литвинушки начёёёва    мама кааак всегда  ""своего дома нет "" нууу отпустила всё равноооо ggoodsmilee ";
;"  ну вообще да весело ggoodsmilee  и не скучно просто у друзей есть сын он одноклассник мой поэтому не так скучно ggoodsmilee ";
;"     Сегодня хороший день  ggoodsmilee   ";
;"  Заявку подали  оплатили  но сказали  что нужно ещё подождать несколько дней до полного подтверждения  так что пока не точно ggoodsmilee ";
;"  ну  у каждого свое мнение  ggoodsmilee лови Эмильку  ";
;"Моя дочуся совсем выросла  скоро будет годик как она живет с нами  моя малюська совсеем взрослая и толстая ggoodsmilee ";
;"  Поехали   DD Чувак  мы прямо родственные души  D";
;"впервые  еще далеко до нового года  а я уже знаю где я буду гулять ggoodsmilee 
такого не было  ggoodsmilee ";
;"Тяпничное  Зимнее  Невоспетые герои финской войны – советские прирученные боевые лоси   ggoodsmilee   ";
;"   llaughh  да давно уже встречаются ggoodsmilee  хотя я сама в шоке была ggoodsmilee ";
;"Ааааааааааааа уже через   минут он приеедет; ggoodsmilee 
Урааааа  как же я ждала  ggoodsmilee ";
;"Кстати  интересно  Вот знаю  что у меня читатели в основном из России  но есть еще Украина  США и Англия  Есть ли еще другие страны    ggoodsmilee ";
;"  ходи пешком  это чудесно    ggoodsmilee   ";
;"       первый раз я так тоже подумала  а теперь обожаю просто ggoodsmilee  но  как говорится  всё это на любителя ggoodsmilee ";
;"Офигенный день 
день позитива ggoodsmilee 
бегал как идиот целый день 
танцы офигенны  хоть я и ракал но мне очень понравилось ";
;"     рабоать пока не очень надоело  ggoodsmilee  но думаю это уже не надо лго  ggoodsmilee ";
;"  й пост уже в этом инстаграме ggoodsmilee   ";
;"горячий чай так помогает мне    ggoodsmilee    немного облегчает ";
;"  С Днем рождения  Лиза   ggoodsmilee  любви  хороших друзей и счастья тебе   ggoodsmilee ";
;"Интересные вещи творились тогда ggoodsmilee   ";
;"Настало время посмотреть что за игра такая Robotek   ggoodsmilee ";
;"  Да блиин  llaughh а это кароче не я  ggoodsmilee 
за меня кое кто другой сидел прост половину моих друзей поудалял";
;"Ну и сам шпицрутен это конечно же Spie rutenlaufen  Куда же мы без немцев   ggoodsmilee   смешно";
;"     Из разговора  ""причина увольнения   Full house""   ggoodsmilee ";
;"  а пилотировать то она будет сегодня   ggoodsmilee  Доверишь   ggoodsmilee ";
;"  нет предупреждает  что их власть надолго но думаю опять переоценил он свои возможности алкоголь не даст дожить до   ggoodsmilee ";
;"Не пошли на репетицию  зато хорошо погуляли вчетвером ; ggoodsmilee ";
;"  ниит  Лешка хороший  просто постебаться любит  особенно надо мной  у нас это уже в порядке вещей подкалывать друг друга  DD";
;"ооо  началась война цен на e ink устройства   ggoodsmilee  Радует";
;"""мне иногда хочется  чтобы у меня были сиськи  нет  ничего такого  просто руки иногда девать некуда""  DD";
;"     цитрон  я не дам тебе пришить мне яички    ggoodsmilee ";
;"кстати  муж  прости что не ответил сегодня  у меня мани кончились D";
;"Вова сидит и ногами бултыхает а со стороны не так понятно ggoodsmilee а я спросила ""наяриваешь "" llaughh  и все в упадке  D";
;"Кирова позвонила и плачет в трубку после того как узнала о победе ggoodsmilee и как я только понимаю что она мне говорит сквозь слезы  VIXX stWIN";
;"вот это нооовости
оличноооо
самое главное чтобы получилось всё ggoodsmilee ";
;"Обоги мой чудесный сосед слушает Ани Лорак на всю  За чтоо  D";
;"Опааа ggoodsmilee  Нашлось фото с Глендейла  llaughh   ";
;"Carnival Phantasm всё  Адов ёбаный пиздец  Ржал как конь    ggoodsmilee  Сэйбер в роли служанки ваще пиздец ";
;"А чё никто не обсуждает апдейт PR   
 ruseo  ru seo  google
Тире заменить на точку ggoodsmilee ";
;"       ты не поверишь какие сексапильные  очешуенные парни у меня в комнате     
  опять плакаты купила   D 
  дааа  о ";
;"  и еще привет я  если ты не забыла   llaughh   я сейчас одеваться буду ggoodsmilee ";
;"    Все эти цифры и разноцветность вызвали ассоциацию с паровозиком томасом    ggoodsmilee ";
;"лучшая мотивация для занятий алгеброй ggoodsmilee   ";
;"Пятница вечер  И снова отмечаем ggoodsmilee   ";
;"    у меня школа без медали  универ без корочки и жизнь отличная  не скучная ggoodsmilee  причем твоя медаль к отличной жизни  Есть связь ";
;"  у тебя сразу массаж сердца получился  у меня ручонки слабые пришлось прыгать на Максютке чтобы хорошо надавить  ggoodsmilee ";
;"В современной жизни  действительно так ggoodsmilee   ";
;"  успехов тебе ggoodsmilee 
У меня такие же планы  только позаниматься еще хочу";
;"  как стрелец стрельцу  желаю больше халявы  ю ноу ggoodsmilee ";